YEAR,INCOME_HP,PRFT_GAIN_BP_OTHR_SPECLTV_BUS,PRFT_GAIN_BP_SPECLTV_BUS,PRFT_GAIN_BP_SPCFD_BUS,ST_CG_AMT_1,ST_CG_AMT_2,ST_CG_AMT_APPRATE,LT_CG_AMT_1,LT_CG_AMT_2,TOTAL_INCOME_OS,CYL_SET_OFF,TOTAL_DEDUC_VIA,DEDUCT_SEC_10A_OR_10AA,NET_AGRC_INCOME,AGGREGATE_LIABILTY,BFL_SET_OFF_BALANCE,INVESTMENT
2017,0.934227679,3.412416231,0.756163693,0,3.562485305,0,1,0,15.39711125,2.063620098,1.322007101,24.71745061,1,0.604315658,1.141937427,6.767600851,0.695465314
2018,0.669911621,1.933171092,1,1,4.462354283,1,0.032148679,0,10.99709453,3.331594106,5.211424746,2.61664832,9.778070262,0.749439304,0.724149501,1.341629908,0.520789569
2019,1,1,1,1,1,1,1,1,1,1,1,1.499020983,1,1,1,1,0.65956615
2020,0.950731777,1.859624909,38.2766235,1,1,1,1,1,1,1.584316067,0.57345061,2.369422563,1,1.790960524,0.623413846,4.35089502,0.65956615
2021,1.147523001,1.4641,1.4641,1,1.4641,1,1.4641,1,1.4641,1.286466351,1,1,1,1,1,1,1
